          Wells Dam Bull Trout for 01/01/1998 to 04/28/2026        ,,,
Species,Location,Date,Size
Bull Trout,West Ladder,05/14/2010  3:27:41 PM,0
Bull Trout,East Ladder,05/14/2010  4:28:04 PM,0
Bull Trout,East Ladder,05/18/2010  2:03:01 AM,0
Bull Trout,East Ladder,05/19/2010  6:34:38 PM,0
Bull Trout,East Ladder,05/20/2010  8:19:10 PM,0
Bull Trout,East Ladder,05/21/2010  4:51:41 PM,0
Bull Trout,East Ladder,05/25/2010 11:06:50 AM,0
Bull Trout,East Ladder,05/27/2010  5:00:22 PM,0
Bull Trout,East Ladder,05/28/2010  1:46:36 PM,0
Bull Trout,East Ladder,05/28/2010  2:08:46 PM,0
Bull Trout,East Ladder,05/29/2010 10:44:06 AM,0
Bull Trout,East Ladder,05/30/2010  6:58:23 AM,0
Bull Trout,East Ladder,05/30/2010  6:46:48 PM,0
Bull Trout,East Ladder,05/31/2010  6:50:12 AM,0
Bull Trout,East Ladder,05/31/2010  1:10:35 PM,0
Bull Trout,East Ladder,06/01/2010  2:15:54 PM,0
Bull Trout,East Ladder,06/01/2010 11:01:24 PM,0
Bull Trout,East Ladder,06/02/2010  7:39:51 PM,0
Bull Trout,West Ladder,06/03/2010  4:00:00 PM,0
Bull Trout,West Ladder,06/03/2010  4:09:38 PM,0
Bull Trout,East Ladder,06/06/2010  2:45:12 PM,0
Bull Trout,East Ladder,06/08/2010  2:43:35 PM,0
Bull Trout,West Ladder,06/08/2010  4:00:00 PM,0
Bull Trout,East Ladder,06/09/2010 12:54:01 AM,0
Bull Trout,West Ladder,06/10/2010 12:31:51 PM,0
Bull Trout,East Ladder,06/10/2010  2:09:21 PM,0
Bull Trout,West Ladder,06/11/2010 11:58:46 AM,0
Bull Trout,East Ladder,06/18/2010  3:38:52 PM,0
Bull Trout,East Ladder,06/19/2010  1:51:12 PM,0
Bull Trout,West Ladder,06/25/2010  6:42:06 PM,0
Bull Trout,East Ladder,06/27/2010  6:42:08 PM,0
Bull Trout,East Ladder,06/27/2010  9:01:20 PM,0
Bull Trout,West Ladder,06/28/2010  7:45:20 AM,0
Bull Trout,West Ladder,06/28/2010  4:00:00 PM,0
Bull Trout,East Ladder,06/28/2010 10:01:08 PM,0
Bull Trout,East Ladder,07/08/2010  1:09:18 PM,0
Bull Trout,West Ladder,07/10/2010 10:13:42 AM,0
Bull Trout,East Ladder,07/10/2010  5:06:07 PM,0
Bull Trout,East Ladder,07/12/2010  8:18:09 AM,0
Bull Trout,West Ladder,07/14/2010 11:43:22 AM,0
Bull Trout,West Ladder,07/16/2010  3:48:10 AM,0
Bull Trout,West Ladder,10/29/2010  7:51:28 PM,0
Bull Trout,West Ladder,11/20/2010  4:28:01 AM,0
Bull Trout,East Ladder,05/16/2011  8:40:11 PM,0
Bull Trout,East Ladder,05/21/2011  2:40:21 PM,0
Bull Trout,East Ladder,05/22/2011 10:44:46 AM,0
Bull Trout,East Ladder,05/29/2011  6:10:59 PM,0
Bull Trout,West Ladder,05/29/2011  9:29:48 PM,0
Bull Trout,West Ladder,05/29/2011 10:07:51 PM,0
Bull Trout,East Ladder,05/30/2011  2:28:21 PM,0
Bull Trout,West Ladder,05/31/2011 12:48:11 PM,0
Bull Trout,West Ladder,06/01/2011 11:46:56 PM,0
Bull Trout,West Ladder,06/02/2011  1:35:30 PM,0
Bull Trout,East Ladder,06/03/2011  1:09:04 PM,0
Bull Trout,East Ladder,06/03/2011  2:05:13 PM,0
Bull Trout,West Ladder,06/03/2011  3:07:35 PM,0
Bull Trout,West Ladder,06/04/2011 11:25:54 AM,0
Bull Trout,East Ladder,06/04/2011 12:16:53 PM,0
Bull Trout,West Ladder,06/04/2011  2:55:00 PM,0
Bull Trout,East Ladder,06/04/2011  7:50:28 PM,0
Bull Trout,West Ladder,06/04/2011 11:33:37 PM,0
Bull Trout,West Ladder,06/05/2011 11:59:08 AM,0
Bull Trout,West Ladder,06/05/2011 11:16:15 PM,0
Bull Trout,West Ladder,06/07/2011  8:24:34 AM,0
Bull Trout,West Ladder,06/08/2011  5:40:46 PM,0
Bull Trout,East Ladder,06/11/2011  6:03:10 AM,0
Bull Trout,West Ladder,06/12/2011  9:25:42 AM,0
Bull Trout,West Ladder,06/13/2011 12:57:46 PM,0
Bull Trout,West Ladder,06/14/2011  3:21:46 PM,0
Bull Trout,East Ladder,06/14/2011  7:54:20 PM,0
Bull Trout,West Ladder,06/15/2011  1:54:24 PM,0
Bull Trout,West Ladder,06/16/2011 12:37:12 AM,0
Bull Trout,East Ladder,06/16/2011  9:46:36 AM,0
Bull Trout,West Ladder,06/16/2011 10:53:35 AM,0
Bull Trout,East Ladder,06/16/2011  2:10:41 PM,0
Bull Trout,West Ladder,06/17/2011  3:05:09 PM,0
Bull Trout,West Ladder,06/18/2011 12:06:18 AM,0
Bull Trout,West Ladder,06/18/2011 10:34:30 AM,0
Bull Trout,West Ladder,06/18/2011  2:27:19 PM,0
Bull Trout,East Ladder,06/19/2011  7:11:00 AM,0
Bull Trout,East Ladder,06/19/2011  8:15:28 AM,0
Bull Trout,West Ladder,06/19/2011  2:03:00 PM,0
Bull Trout,East Ladder,06/20/2011  5:22:21 PM,0
Bull Trout,West Ladder,06/21/2011  4:52:56 AM,0
Bull Trout,West Ladder,06/24/2011  1:16:16 PM,0
Bull Trout,West Ladder,06/25/2011  7:27:42 AM,0
Bull Trout,West Ladder,06/27/2011  3:43:57 PM,0
Bull Trout,East Ladder,06/30/2011  7:26:16 PM,0
Bull Trout,East Ladder,07/01/2011 10:09:42 AM,0
Bull Trout,East Ladder,07/01/2011  2:27:00 PM,0
Bull Trout,West Ladder,07/02/2011 10:20:14 PM,0
Bull Trout,East Ladder,07/03/2011  2:53:16 PM,0
Bull Trout,West Ladder,07/03/2011  7:04:29 PM,0
Bull Trout,East Ladder,07/05/2011  2:58:00 PM,0
Bull Trout,East Ladder,07/06/2011  6:31:42 PM,0
Bull Trout,East Ladder,07/06/2011  7:51:06 PM,0
Bull Trout,West Ladder,07/07/2011  5:04:25 PM,0
Bull Trout,East Ladder,07/09/2011 11:53:16 AM,0
Bull Trout,West Ladder,07/11/2011 12:16:46 AM,0
Bull Trout,East Ladder,07/11/2011  8:26:35 PM,0
Bull Trout,East Ladder,07/13/2011 10:01:29 AM,0
Bull Trout,West Ladder,07/15/2011  7:04:14 AM,0
Bull Trout,East Ladder,07/15/2011  1:44:33 PM,0
Bull Trout,East Ladder,07/16/2011 12:40:22 AM,0
Bull Trout,East Ladder,07/18/2011  3:26:16 PM,0
Bull Trout,West Ladder,07/23/2011  5:00:02 PM,0
Bull Trout,West Ladder,07/25/2011 12:29:32 AM,0
Bull Trout,West Ladder,08/30/2011  2:24:45 PM,0
Bull Trout,West Ladder,11/05/2011  9:46:25 AM,0
Bull Trout,East Ladder,05/15/2012  5:32:41 PM,22
Bull Trout,East Ladder,05/17/2012  4:15:03 PM,26
Bull Trout,West Ladder,05/19/2012 11:06:01 PM,20
Bull Trout,West Ladder,05/20/2012  7:27:34 AM,28
Bull Trout,West Ladder,05/20/2012  9:34:57 PM,18
Bull Trout,West Ladder,05/22/2012  7:45:36 PM,23
Bull Trout,East Ladder,05/22/2012  8:26:18 PM,25
Bull Trout,East Ladder,05/23/2012  2:13:31 PM,23
Bull Trout,West Ladder,05/23/2012  4:06:57 PM,21
Bull Trout,East Ladder,05/23/2012  4:14:01 PM,23
Bull Trout,West Ladder,05/23/2012 11:45:47 PM,22
Bull Trout,East Ladder,05/24/2012 10:30:59 AM,24
Bull Trout,West Ladder,05/24/2012  8:11:23 PM,22
Bull Trout,East Ladder,05/26/2012 10:29:20 PM,29
Bull Trout,East Ladder,05/27/2012 10:29:09 AM,23
Bull Trout,West Ladder,05/28/2012  5:03:06 PM,22
Bull Trout,East Ladder,05/28/2012  6:41:09 PM,23
Bull Trout,West Ladder,05/29/2012  4:28:36 PM,23
Bull Trout,West Ladder,06/01/2012 11:43:13 AM,20
Bull Trout,West Ladder,06/02/2012  1:22:48 AM,21
Bull Trout,East Ladder,06/02/2012  7:50:38 AM,20
Bull Trout,West Ladder,06/02/2012  8:27:21 AM,22
Bull Trout,East Ladder,06/02/2012 10:19:52 AM,20
Bull Trout,East Ladder,06/03/2012  5:29:35 PM,23
Bull Trout,West Ladder,06/04/2012 10:41:24 AM,22
Bull Trout,West Ladder,06/04/2012 11:29:15 AM,22
Bull Trout,East Ladder,06/04/2012  7:48:48 PM,22
Bull Trout,West Ladder,06/05/2012  6:11:18 AM,18
Bull Trout,East Ladder,06/08/2012 11:12:16 AM,20
Bull Trout,West Ladder,06/08/2012  6:11:21 PM,22
Bull Trout,West Ladder,06/09/2012  9:45:20 AM,21
Bull Trout,West Ladder,06/09/2012 12:43:25 PM,23
Bull Trout,West Ladder,06/09/2012  7:18:31 PM,21
Bull Trout,West Ladder,06/10/2012 12:26:44 AM,19
Bull Trout,East Ladder,06/10/2012 12:52:51 AM,23
Bull Trout,West Ladder,06/11/2012  7:41:37 AM,21
Bull Trout,East Ladder,06/11/2012  8:35:54 AM,22
Bull Trout,East Ladder,06/11/2012 10:33:50 AM,23
Bull Trout,East Ladder,06/11/2012  7:52:27 PM,21
Bull Trout,East Ladder,06/12/2012 10:24:44 AM,21
Bull Trout,East Ladder,06/12/2012 12:19:28 PM,20
Bull Trout,West Ladder,06/12/2012 12:47:03 PM,18
Bull Trout,East Ladder,06/12/2012  1:23:53 PM,21
Bull Trout,West Ladder,06/12/2012  3:08:02 PM,21
Bull Trout,East Ladder,06/13/2012 12:58:10 PM,27
Bull Trout,East Ladder,06/13/2012 12:59:00 PM,19
Bull Trout,East Ladder,06/13/2012  3:59:07 PM,21
Bull Trout,East Ladder,06/15/2012  1:23:14 PM,19
Bull Trout,East Ladder,06/16/2012  3:10:51 PM,22
Bull Trout,West Ladder,06/17/2012  5:46:00 AM,21
Bull Trout,East Ladder,06/17/2012 10:16:07 AM,21
Bull Trout,East Ladder,06/17/2012  2:06:47 PM,17
Bull Trout,East Ladder,06/17/2012  5:32:44 PM,15
Bull Trout,East Ladder,06/18/2012  9:24:48 AM,22
Bull Trout,East Ladder,06/19/2012 12:31:27 AM,22
Bull Trout,East Ladder,06/19/2012  2:34:53 PM,21
Bull Trout,East Ladder,06/20/2012  8:42:43 AM,18
Bull Trout,East Ladder,06/20/2012 12:12:57 PM,17
Bull Trout,East Ladder,06/21/2012 11:35:25 AM,20
Bull Trout,East Ladder,06/21/2012  4:16:41 PM,17
Bull Trout,West Ladder,06/23/2012  7:09:50 AM,20
Bull Trout,East Ladder,06/23/2012 10:12:57 AM,20
Bull Trout,East Ladder,06/24/2012  2:11:39 PM,18
Bull Trout,East Ladder,06/25/2012  7:42:04 AM,16
Bull Trout,East Ladder,06/26/2012 12:10:29 AM,17
Bull Trout,West Ladder,06/26/2012  5:32:55 PM,17
Bull Trout,East Ladder,07/01/2012 10:05:02 AM,23
Bull Trout,East Ladder,07/08/2012 12:42:17 AM,22
Bull Trout,West Ladder,07/10/2012  5:04:47 PM,23
Bull Trout,West Ladder,07/11/2012  6:00:32 AM,24
Bull Trout,East Ladder,07/25/2012  8:41:38 AM,14
Bull Trout,West Ladder,10/05/2012  1:17:08 PM,22
Bull Trout,West Ladder,11/10/2012  3:26:51 PM,11
Bull Trout,West Ladder,11/14/2012  1:51:53 PM,15
Bull Trout,East Ladder,05/14/2013  5:02:42 PM,24
Bull Trout,East Ladder,05/18/2013  6:52:50 PM,23
Bull Trout,West Ladder,05/20/2013 11:14:11 AM,22
Bull Trout,East Ladder,05/20/2013  3:25:03 PM,21
Bull Trout,East Ladder,05/20/2013  4:02:33 PM,22
Bull Trout,West Ladder,05/23/2013  8:23:24 AM,23
Bull Trout,West Ladder,05/24/2013 10:05:56 AM,21
Bull Trout,East Ladder,05/24/2013  6:08:59 PM,23
Bull Trout,East Ladder,05/25/2013 12:32:50 AM,25
Bull Trout,West Ladder,05/25/2013  2:51:44 PM,23
Bull Trout,East Ladder,05/26/2013 12:36:28 PM,22
Bull Trout,East Ladder,05/26/2013  1:50:56 PM,19
Bull Trout,East Ladder,05/27/2013 11:28:34 AM,15
Bull Trout,East Ladder,05/27/2013  1:42:11 PM,23
Bull Trout,East Ladder,05/27/2013  2:54:43 PM,21
Bull Trout,West Ladder,05/28/2013  1:09:00 PM,23
Bull Trout,East Ladder,05/28/2013  7:57:53 PM,20
Bull Trout,East Ladder,05/28/2013  8:40:28 PM,25
Bull Trout,East Ladder,05/29/2013  5:48:41 AM,25
Bull Trout,East Ladder,05/29/2013  5:17:37 PM,20
Bull Trout,West Ladder,05/29/2013  9:25:48 PM,20
Bull Trout,East Ladder,05/30/2013 11:34:37 AM,24
Bull Trout,East Ladder,05/30/2013 12:26:28 PM,23
Bull Trout,West Ladder,05/30/2013  2:06:09 PM,23
Bull Trout,West Ladder,05/31/2013  8:10:33 AM,24
Bull Trout,East Ladder,05/31/2013  1:42:41 PM,23
Bull Trout,East Ladder,05/31/2013  2:49:21 PM,21
Bull Trout,East Ladder,05/31/2013  2:55:04 PM,23
Bull Trout,East Ladder,05/31/2013 10:25:59 PM,22
Bull Trout,East Ladder,06/01/2013 12:54:03 PM,23
Bull Trout,East Ladder,06/01/2013  1:22:08 PM,25
Bull Trout,East Ladder,06/01/2013  2:13:13 PM,22
Bull Trout,West Ladder,06/01/2013  4:26:54 PM,25
Bull Trout,West Ladder,06/02/2013  2:06:46 PM,23
Bull Trout,East Ladder,06/02/2013  4:22:48 PM,23
Bull Trout,East Ladder,06/02/2013  5:18:06 PM,22
Bull Trout,West Ladder,06/02/2013  7:44:27 PM,23
Bull Trout,East Ladder,06/03/2013  8:17:02 AM,22
Bull Trout,West Ladder,06/03/2013 12:16:28 PM,23
Bull Trout,East Ladder,06/03/2013  1:24:02 PM,20
Bull Trout,West Ladder,06/04/2013  1:29:52 PM,24
Bull Trout,East Ladder,06/05/2013  9:56:33 AM,19
Bull Trout,East Ladder,06/05/2013 11:59:08 AM,22
Bull Trout,West Ladder,06/05/2013  1:15:18 PM,22
Bull Trout,West Ladder,06/05/2013  2:17:59 PM,23
Bull Trout,East Ladder,06/05/2013  3:43:08 PM,19
Bull Trout,East Ladder,06/05/2013  4:10:17 PM,22
Bull Trout,East Ladder,06/06/2013  4:22:21 PM,20
Bull Trout,West Ladder,06/07/2013 12:49:04 AM,25
Bull Trout,West Ladder,06/07/2013  4:58:27 PM,20
Bull Trout,West Ladder,06/07/2013  5:08:20 PM,21
Bull Trout,East Ladder,06/07/2013  6:01:24 PM,23
Bull Trout,West Ladder,06/07/2013  6:43:05 PM,21
Bull Trout,West Ladder,06/08/2013 12:25:17 AM,20
Bull Trout,West Ladder,06/08/2013  7:48:01 AM,21
Bull Trout,West Ladder,06/08/2013 11:42:37 AM,23
Bull Trout,West Ladder,06/08/2013  2:34:38 PM,19
Bull Trout,East Ladder,06/09/2013 10:38:35 AM,15
Bull Trout,West Ladder,06/10/2013  2:17:06 PM,24
Bull Trout,East Ladder,06/10/2013  5:05:43 PM,23
Bull Trout,East Ladder,06/11/2013  5:14:15 PM,16
Bull Trout,West Ladder,06/11/2013  9:24:08 PM,24
Bull Trout,East Ladder,06/12/2013  6:00:30 PM,24
Bull Trout,East Ladder,06/13/2013  6:21:56 AM,22
Bull Trout,East Ladder,06/13/2013  4:57:45 PM,19
Bull Trout,West Ladder,06/13/2013  7:52:01 PM,17
Bull Trout,East Ladder,06/14/2013 11:04:17 AM,20
Bull Trout,East Ladder,06/14/2013 11:04:38 AM,19
Bull Trout,East Ladder,06/14/2013  2:50:43 PM,19
Bull Trout,East Ladder,06/14/2013  3:15:49 PM,19
Bull Trout,East Ladder,06/15/2013  1:43:53 PM,19
Bull Trout,West Ladder,06/15/2013  5:32:25 PM,23
Bull Trout,West Ladder,06/15/2013 10:17:16 PM,17
Bull Trout,East Ladder,06/17/2013 12:00:00 AM,26
Bull Trout,East Ladder,06/18/2013 12:56:27 AM,22
Bull Trout,East Ladder,06/18/2013 11:29:00 AM,20
Bull Trout,West Ladder,06/18/2013  2:16:06 PM,14
Bull Trout,East Ladder,06/18/2013  6:51:00 PM,19
Bull Trout,East Ladder,06/19/2013  9:28:19 AM,22
Bull Trout,West Ladder,06/19/2013 10:49:21 AM,20
Bull Trout,West Ladder,06/19/2013  2:37:56 PM,22
Bull Trout,West Ladder,06/20/2013  5:57:50 PM,23
Bull Trout,West Ladder,06/21/2013  3:13:24 PM,19
Bull Trout,East Ladder,06/21/2013  6:51:56 PM,16
Bull Trout,East Ladder,06/22/2013  9:06:32 AM,21
Bull Trout,East Ladder,06/22/2013 11:44:08 AM,15
Bull Trout,West Ladder,06/23/2013  4:03:15 PM,21
Bull Trout,East Ladder,06/23/2013  4:59:28 PM,21
Bull Trout,East Ladder,06/23/2013  8:19:38 PM,23
Bull Trout,East Ladder,06/24/2013  2:56:19 PM,30
Bull Trout,East Ladder,06/24/2013  3:52:03 PM,23
Bull Trout,East Ladder,06/27/2013  1:21:36 PM,22
Bull Trout,East Ladder,06/28/2013  7:45:03 AM,25
Bull Trout,East Ladder,06/28/2013  4:54:08 PM,23
Bull Trout,West Ladder,06/29/2013 12:04:02 AM,22
Bull Trout,East Ladder,07/01/2013  8:23:23 AM,22
Bull Trout,West Ladder,07/01/2013 10:08:19 PM,21
Bull Trout,East Ladder,07/02/2013  8:28:40 PM,16
Bull Trout,East Ladder,07/04/2013  4:56:33 PM,15
Bull Trout,East Ladder,07/05/2013 11:13:50 AM,18
Bull Trout,East Ladder,07/05/2013  6:18:14 PM,23
Bull Trout,West Ladder,07/11/2013  5:55:24 PM,20
Bull Trout,West Ladder,07/17/2013  6:35:46 PM,18
Bull Trout,East Ladder,07/23/2013 12:47:37 AM,20
Bull Trout,West Ladder,07/24/2013  7:55:40 PM,16
Bull Trout,East Ladder,07/25/2013  1:02:00 PM,22
Bull Trout,West Ladder,08/18/2013  9:47:22 AM,18
Bull Trout,West Ladder,08/28/2013  2:01:30 PM,19
Bull Trout,West Ladder,09/15/2013 11:34:47 PM,19
Bull Trout,West Ladder,11/06/2013  1:37:17 PM,24
Bull Trout,East Ladder,05/06/2014  3:21:00 PM,24
Bull Trout,East Ladder,05/20/2014  5:35:00 PM,28
Bull Trout,West Ladder,05/21/2014  3:42:00 PM,22
Bull Trout,West Ladder,05/22/2014  4:29:00 PM,23
Bull Trout,East Ladder,05/23/2014 10:24:00 AM,23
Bull Trout,East Ladder,05/23/2014  2:21:00 PM,20
Bull Trout,East Ladder,05/23/2014  2:56:00 PM,23
Bull Trout,East Ladder,05/24/2014 11:08:00 AM,22
Bull Trout,West Ladder,05/24/2014  3:00:00 PM,22
Bull Trout,West Ladder,05/25/2014  4:11:00 PM,22
Bull Trout,West Ladder,05/25/2014  4:50:00 PM,25
Bull Trout,East Ladder,05/25/2014  5:53:00 PM,22
Bull Trout,West Ladder,05/25/2014  7:03:00 PM,19
Bull Trout,West Ladder,05/26/2014 11:17:00 AM,25
Bull Trout,West Ladder,05/26/2014  4:21:00 PM,19
Bull Trout,West Ladder,05/26/2014  9:13:00 PM,22
Bull Trout,East Ladder,05/27/2014  2:36:00 PM,23
Bull Trout,East Ladder,05/27/2014  3:24:00 PM,25
Bull Trout,East Ladder,05/28/2014  3:37:00 PM,24
Bull Trout,East Ladder,05/28/2014  4:01:00 PM,26
Bull Trout,West Ladder,05/29/2014  2:57:00 AM,23
Bull Trout,East Ladder,05/29/2014  9:42:00 AM,23
Bull Trout,East Ladder,05/29/2014 11:22:00 AM,20
Bull Trout,West Ladder,05/30/2014 12:50:00 AM,22
Bull Trout,West Ladder,05/30/2014  1:06:00 PM,20
Bull Trout,East Ladder,05/30/2014  3:21:00 PM,23
Bull Trout,West Ladder,05/31/2014  8:17:00 AM,29
Bull Trout,East Ladder,05/31/2014  9:47:00 AM,21
Bull Trout,West Ladder,05/31/2014 11:38:00 AM,22
Bull Trout,East Ladder,06/02/2014  7:52:00 AM,18
Bull Trout,East Ladder,06/02/2014  7:53:00 AM,23
Bull Trout,East Ladder,06/02/2014  8:26:00 AM,24
Bull Trout,West Ladder,06/02/2014  8:41:00 AM,24
Bull Trout,West Ladder,06/02/2014  3:14:00 PM,20
Bull Trout,East Ladder,06/02/2014  5:22:00 PM,25
Bull Trout,West Ladder,06/03/2014  2:05:00 PM,25
Bull Trout,West Ladder,06/03/2014  2:45:00 PM,24
Bull Trout,East Ladder,06/03/2014  6:46:00 PM,20
Bull Trout,East Ladder,06/04/2014 10:16:00 AM,19
Bull Trout,East Ladder,06/05/2014  8:17:00 AM,16
Bull Trout,East Ladder,06/05/2014  9:05:00 AM,25
Bull Trout,West Ladder,06/05/2014 11:00:00 AM,20
Bull Trout,East Ladder,06/05/2014  1:35:00 PM,22
Bull Trout,East Ladder,06/05/2014  1:52:00 PM,24
Bull Trout,West Ladder,06/05/2014  2:43:00 PM,22
Bull Trout,East Ladder,06/05/2014  4:01:00 PM,20
Bull Trout,West Ladder,06/05/2014  7:48:00 PM,21
Bull Trout,West Ladder,06/06/2014  8:45:00 AM,19
Bull Trout,West Ladder,06/06/2014 12:23:00 PM,20
Bull Trout,East Ladder,06/06/2014 12:38:00 PM,26
Bull Trout,East Ladder,06/06/2014  3:01:00 PM,22
Bull Trout,West Ladder,06/06/2014  5:23:00 PM,24
Bull Trout,East Ladder,06/07/2014 10:29:00 AM,20
Bull Trout,East Ladder,06/07/2014  4:36:00 PM,22
Bull Trout,East Ladder,06/07/2014  9:11:00 PM,23
Bull Trout,East Ladder,06/07/2014  9:54:00 PM,22
Bull Trout,East Ladder,06/07/2014 10:44:00 PM,20
Bull Trout,East Ladder,06/08/2014  1:47:00 PM,23
Bull Trout,East Ladder,06/09/2014  1:52:00 PM,20
Bull Trout,East Ladder,06/09/2014  4:41:00 PM,21
Bull Trout,East Ladder,06/10/2014  9:14:00 AM,22
Bull Trout,East Ladder,06/10/2014  9:19:00 AM,20
Bull Trout,East Ladder,06/10/2014 11:15:00 AM,21
Bull Trout,East Ladder,06/10/2014 11:39:00 AM,18
Bull Trout,East Ladder,06/10/2014  1:11:00 PM,25
Bull Trout,East Ladder,06/10/2014  4:00:00 PM,22
Bull Trout,West Ladder,06/11/2014  4:19:00 PM,19
Bull Trout,East Ladder,06/11/2014  8:28:00 PM,16
Bull Trout,West Ladder,06/12/2014  7:21:00 AM,22
Bull Trout,West Ladder,06/12/2014  8:38:00 AM,25
Bull Trout,East Ladder,06/12/2014  9:40:00 AM,21
Bull Trout,West Ladder,06/12/2014 10:43:00 AM,23
Bull Trout,West Ladder,06/12/2014 12:32:00 PM,18
Bull Trout,East Ladder,06/12/2014  4:10:00 PM,18
Bull Trout,West Ladder,06/12/2014  6:48:00 PM,24
Bull Trout,East Ladder,06/13/2014  1:52:00 PM,17
Bull Trout,East Ladder,06/13/2014  3:04:00 PM,20
Bull Trout,West Ladder,06/14/2014 11:39:00 AM,25
Bull Trout,East Ladder,06/14/2014  2:10:00 PM,24
Bull Trout,East Ladder,06/14/2014  3:21:00 PM,21
Bull Trout,East Ladder,06/15/2014 11:45:00 AM,24
Bull Trout,West Ladder,06/15/2014  1:06:00 PM,24
Bull Trout,East Ladder,06/15/2014  2:19:00 PM,24
Bull Trout,West Ladder,06/15/2014  8:59:00 PM,19
Bull Trout,West Ladder,06/17/2014  2:18:00 PM,25
Bull Trout,East Ladder,06/17/2014  3:25:00 PM,25
Bull Trout,East Ladder,06/18/2014 12:03:00 PM,17
Bull Trout,West Ladder,06/18/2014  1:41:00 PM,22
Bull Trout,West Ladder,06/19/2014 11:06:00 AM,19
Bull Trout,East Ladder,06/19/2014 12:18:00 PM,15
Bull Trout,East Ladder,06/19/2014 12:42:00 PM,24
Bull Trout,East Ladder,06/20/2014  9:30:00 AM,22
Bull Trout,West Ladder,06/21/2014  9:57:00 AM,16
Bull Trout,East Ladder,06/21/2014 12:10:00 PM,16
Bull Trout,West Ladder,06/22/2014 10:36:00 AM,20
Bull Trout,West Ladder,06/22/2014  5:27:00 PM,27
Bull Trout,East Ladder,06/22/2014  5:58:00 PM,23
Bull Trout,East Ladder,06/23/2014 11:31:00 AM,21
Bull Trout,East Ladder,06/23/2014  3:18:00 PM,16
Bull Trout,West Ladder,06/24/2014  2:51:00 PM,18
Bull Trout,West Ladder,06/25/2014  1:47:00 PM,23
Bull Trout,East Ladder,06/25/2014  3:40:00 PM,15
Bull Trout,East Ladder,06/25/2014  7:26:00 PM,16
Bull Trout,East Ladder,06/26/2014  2:51:00 AM,21
Bull Trout,East Ladder,06/26/2014  6:29:00 AM,22
Bull Trout,West Ladder,06/27/2014 11:53:00 AM,23
Bull Trout,East Ladder,06/27/2014  6:35:00 PM,25
Bull Trout,West Ladder,06/28/2014  9:28:00 AM,26
Bull Trout,East Ladder,06/28/2014  7:47:00 PM,14
Bull Trout,East Ladder,06/29/2014  4:15:00 PM,15
Bull Trout,West Ladder,07/07/2014  3:02:00 PM,16
Bull Trout,East Ladder,07/10/2014 12:54:00 PM,20
Bull Trout,West Ladder,07/14/2014  8:55:00 PM,18
Bull Trout,West Ladder,10/24/2014  7:59:00 AM,20
Bull Trout,West Ladder,05/05/2015  7:30:00 PM,25
Bull Trout,West Ladder,05/09/2015  7:27:00 PM,25
Bull Trout,West Ladder,05/09/2015  7:51:00 PM,24
Bull Trout,West Ladder,05/11/2015  1:11:00 PM,23
Bull Trout,West Ladder,05/16/2015  9:21:00 AM,26
Bull Trout,East Ladder,05/16/2015  2:25:00 PM,23
Bull Trout,East Ladder,05/16/2015  3:04:00 PM,25
Bull Trout,West Ladder,05/16/2015  4:29:00 PM,22
Bull Trout,East Ladder,05/16/2015  7:07:00 PM,20
Bull Trout,East Ladder,05/18/2015  8:55:00 AM,23
Bull Trout,West Ladder,05/18/2015  4:37:00 PM,25
Bull Trout,East Ladder,05/18/2015  5:01:00 PM,24.5
Bull Trout,East Ladder,05/18/2015  5:41:00 PM,23
Bull Trout,East Ladder,05/19/2015  9:58:00 AM,26
Bull Trout,West Ladder,05/19/2015  3:14:00 PM,23.5
Bull Trout,East Ladder,05/20/2015 12:53:00 PM,24.5
Bull Trout,West Ladder,05/20/2015  2:55:00 PM,21
Bull Trout,East Ladder,05/20/2015  3:24:00 PM,23
Bull Trout,East Ladder,05/20/2015  7:54:00 PM,26
Bull Trout,East Ladder,05/20/2015  8:44:00 PM,16
Bull Trout,West Ladder,05/21/2015 10:08:00 AM,23
Bull Trout,West Ladder,05/21/2015 12:36:00 PM,24
Bull Trout,West Ladder,05/21/2015  4:15:00 PM,25
Bull Trout,East Ladder,05/22/2015  2:19:00 PM,25
Bull Trout,West Ladder,05/22/2015  2:32:00 PM,26
Bull Trout,West Ladder,05/23/2015  1:00:00 PM,26
Bull Trout,East Ladder,05/23/2015  1:25:00 PM,26
Bull Trout,East Ladder,05/23/2015  3:42:00 PM,23
Bull Trout,East Ladder,05/23/2015  5:15:00 PM,23
Bull Trout,East Ladder,05/23/2015  5:15:00 PM,22
Bull Trout,West Ladder,05/23/2015  6:50:00 PM,19
Bull Trout,West Ladder,05/23/2015  9:57:00 PM,27
Bull Trout,East Ladder,05/24/2015  3:37:00 PM,19
Bull Trout,East Ladder,05/25/2015 12:46:00 PM,23
Bull Trout,East Ladder,05/25/2015  9:25:00 PM,26
Bull Trout,West Ladder,05/26/2015  1:48:00 AM,23
Bull Trout,East Ladder,05/26/2015 12:48:00 PM,20
Bull Trout,West Ladder,05/26/2015  1:28:00 PM,22
Bull Trout,East Ladder,05/27/2015 12:26:00 PM,27
Bull Trout,West Ladder,05/27/2015  1:52:00 PM,21
Bull Trout,West Ladder,05/28/2015 11:12:00 AM,18
Bull Trout,West Ladder,05/28/2015  6:26:00 PM,21
Bull Trout,West Ladder,05/29/2015  5:08:00 AM,24
Bull Trout,East Ladder,05/29/2015 11:20:00 AM,16
Bull Trout,East Ladder,05/29/2015  6:01:00 PM,25
Bull Trout,West Ladder,05/30/2015 11:47:00 AM,20
Bull Trout,East Ladder,05/31/2015 12:23:00 PM,24
Bull Trout,East Ladder,05/31/2015  5:12:00 PM,20
Bull Trout,East Ladder,06/02/2015 10:18:00 AM,28
Bull Trout,East Ladder,06/02/2015 12:45:00 PM,21
Bull Trout,West Ladder,06/02/2015  3:36:00 PM,22
Bull Trout,West Ladder,06/03/2015  8:46:00 AM,17
Bull Trout,East Ladder,06/03/2015  1:03:00 PM,24
Bull Trout,West Ladder,06/03/2015  1:04:00 PM,17
Bull Trout,East Ladder,06/04/2015 12:34:00 PM,21
Bull Trout,East Ladder,06/04/2015  9:52:00 PM,19
Bull Trout,East Ladder,06/05/2015  4:38:00 PM,22
Bull Trout,East Ladder,06/05/2015  7:19:00 PM,17
Bull Trout,East Ladder,06/06/2015 11:43:00 AM,25
Bull Trout,East Ladder,06/06/2015  7:18:00 PM,20
Bull Trout,East Ladder,06/07/2015  1:06:00 PM,16.5
Bull Trout,West Ladder,06/07/2015  2:48:00 PM,18
Bull Trout,West Ladder,06/07/2015  9:44:00 PM,25
Bull Trout,West Ladder,06/08/2015 10:19:00 AM,16.5
Bull Trout,East Ladder,06/08/2015  3:34:00 PM,14
Bull Trout,West Ladder,06/10/2015  9:15:00 PM,22
Bull Trout,East Ladder,06/12/2015  3:12:00 PM,28
Bull Trout,East Ladder,06/12/2015  4:53:00 PM,16
Bull Trout,East Ladder,06/13/2015  5:27:00 PM,16
Bull Trout,East Ladder,06/14/2015 12:10:00 PM,14
Bull Trout,East Ladder,06/14/2015  4:42:00 PM,18
Bull Trout,East Ladder,06/14/2015  5:11:00 PM,15
Bull Trout,East Ladder,06/16/2015  2:35:00 PM,16
Bull Trout,East Ladder,06/17/2015  1:27:00 PM,13
Bull Trout,West Ladder,06/18/2015  4:42:00 PM,12
Bull Trout,West Ladder,06/20/2015  9:56:00 AM,18
Bull Trout,West Ladder,06/20/2015  4:51:00 PM,17
Bull Trout,West Ladder,06/22/2015 10:13:00 AM,17
Bull Trout,East Ladder,06/23/2015  5:28:00 PM,20
Bull Trout,West Ladder,06/24/2015  8:27:00 PM,17
Bull Trout,West Ladder,06/26/2015  8:21:00 AM,18
Bull Trout,East Ladder,06/26/2015  6:01:00 PM,17
Bull Trout,East Ladder,06/29/2015 11:54:00 AM,21
Bull Trout,East Ladder,06/29/2015  3:34:00 PM,23
Bull Trout,East Ladder,06/30/2015  4:54:00 PM,17
Bull Trout,East Ladder,07/01/2015 10:01:00 PM,18
Bull Trout,West Ladder,07/03/2015 11:46:00 AM,17
Bull Trout,East Ladder,07/04/2015  5:31:00 PM,12
Bull Trout,East Ladder,07/07/2015  3:13:00 PM,14
Bull Trout,West Ladder,08/06/2015 11:04:00 AM,20
Bull Trout,East Ladder,12/18/2015  3:02:00 PM,20
Bull Trout,West Ladder,05/08/2016  3:28:00 PM,20
Bull Trout,East Ladder,05/09/2016 10:17:00 AM,23
Bull Trout,West Ladder,05/12/2016 10:00:00 AM,30
Bull Trout,West Ladder,05/14/2016  5:22:00 PM,26
Bull Trout,West Ladder,05/15/2016  1:26:00 PM,23
Bull Trout,East Ladder,05/17/2016  3:18:00 PM,21
Bull Trout,West Ladder,05/18/2016  1:24:00 PM,21
Bull Trout,West Ladder,05/19/2016 12:36:00 PM,21
Bull Trout,West Ladder,05/20/2016  5:54:00 PM,19
Bull Trout,East Ladder,05/21/2016 12:06:00 PM,21
Bull Trout,West Ladder,05/21/2016 12:17:00 PM,24
Bull Trout,East Ladder,05/21/2016  3:40:00 PM,29
Bull Trout,West Ladder,05/22/2016  4:28:00 PM,26
Bull Trout,East Ladder,05/23/2016  8:52:00 AM,20
Bull Trout,East Ladder,05/23/2016  4:22:00 PM,22
Bull Trout,West Ladder,05/24/2016 10:27:00 AM,21
Bull Trout,West Ladder,05/24/2016  2:55:00 PM,22
Bull Trout,East Ladder,05/24/2016  3:02:00 PM,17
Bull Trout,East Ladder,05/25/2016  4:05:00 PM,25
Bull Trout,East Ladder,05/25/2016  5:47:00 PM,23
Bull Trout,West Ladder,05/25/2016 11:15:00 PM,21
Bull Trout,West Ladder,05/26/2016  1:37:00 PM,22
Bull Trout,West Ladder,05/26/2016  3:01:00 PM,17
Bull Trout,East Ladder,05/27/2016  8:55:00 AM,29
Bull Trout,West Ladder,05/27/2016  2:16:00 PM,23
Bull Trout,West Ladder,05/27/2016  7:45:00 PM,21
Bull Trout,East Ladder,05/27/2016  7:58:00 PM,23
Bull Trout,West Ladder,05/28/2016  2:59:00 PM,22
Bull Trout,West Ladder,05/29/2016  1:14:00 PM,18
Bull Trout,West Ladder,05/29/2016  3:50:00 PM,24
Bull Trout,East Ladder,06/01/2016  3:32:00 PM,22
Bull Trout,East Ladder,06/02/2016  8:54:00 AM,16.5
Bull Trout,West Ladder,06/04/2016  2:24:00 PM,23
Bull Trout,West Ladder,06/04/2016 10:33:00 PM,19
Bull Trout,East Ladder,06/06/2016 12:40:00 PM,21
Bull Trout,East Ladder,06/06/2016 12:58:00 PM,22
Bull Trout,East Ladder,06/07/2016  2:10:00 PM,19
Bull Trout,East Ladder,06/08/2016  9:18:00 AM,17
Bull Trout,West Ladder,06/13/2016 12:00:00 PM,28
Bull Trout,East Ladder,06/13/2016  2:59:00 PM,18
Bull Trout,West Ladder,06/14/2016  1:32:00 PM,29
Bull Trout,East Ladder,06/15/2016 11:03:00 AM,20
Bull Trout,East Ladder,06/17/2016  9:02:00 AM,20
Bull Trout,East Ladder,06/20/2016  5:12:00 PM,24
Bull Trout,East Ladder,06/21/2016 12:11:00 PM,19
Bull Trout,East Ladder,06/23/2016  1:51:00 PM,22
Bull Trout,West Ladder,06/23/2016  8:33:00 PM,17
Bull Trout,East Ladder,06/24/2016  1:56:00 PM,22
Bull Trout,West Ladder,06/29/2016  4:15:00 PM,18
Bull Trout,East Ladder,10/23/2016  4:01:00 PM,24
Bull Trout,West Ladder,11/08/2016  4:11:00 AM,24
Bull Trout,West Ladder,05/11/2017  1:22:00 PM,27
Bull Trout,East Ladder,05/19/2017  9:00:00 AM,28
Bull Trout,East Ladder,05/23/2017  8:54:00 AM,22
Bull Trout,East Ladder,05/24/2017 10:26:00 AM,28
Bull Trout,East Ladder,05/24/2017 12:27:00 PM,21
Bull Trout,East Ladder,05/24/2017  2:30:00 PM,25
Bull Trout,East Ladder,05/24/2017  4:58:00 PM,23
Bull Trout,East Ladder,05/27/2017  7:19:00 AM,25
Bull Trout,East Ladder,05/27/2017  2:34:00 PM,26
Bull Trout,East Ladder,05/27/2017  3:41:00 PM,22
Bull Trout,West Ladder,05/28/2017 10:46:00 AM,25
Bull Trout,East Ladder,05/28/2017  3:51:00 PM,24
Bull Trout,East Ladder,05/28/2017  6:15:00 PM,19
Bull Trout,East Ladder,05/28/2017 10:33:00 PM,24
Bull Trout,West Ladder,05/29/2017  9:10:00 AM,23
Bull Trout,East Ladder,05/29/2017  5:12:00 PM,24
Bull Trout,West Ladder,05/29/2017  8:17:00 PM,24
Bull Trout,East Ladder,05/30/2017  9:07:00 PM,21
Bull Trout,East Ladder,06/01/2017  3:00:00 PM,21
Bull Trout,West Ladder,06/01/2017  4:12:00 PM,21
Bull Trout,East Ladder,06/03/2017  9:12:00 AM,24
Bull Trout,East Ladder,06/03/2017 11:24:00 AM,19
Bull Trout,West Ladder,06/03/2017 12:55:00 PM,21
Bull Trout,East Ladder,06/03/2017  3:00:00 PM,22
Bull Trout,East Ladder,06/04/2017 11:11:00 AM,19
Bull Trout,West Ladder,06/04/2017  2:16:00 PM,20
Bull Trout,West Ladder,06/05/2017  8:08:00 AM,24
Bull Trout,West Ladder,06/06/2017  6:27:00 PM,23
Bull Trout,West Ladder,06/07/2017  2:36:00 PM,22
Bull Trout,East Ladder,06/07/2017 11:07:00 PM,23
Bull Trout,East Ladder,06/08/2017  7:58:00 PM,16
Bull Trout,East Ladder,06/10/2017  2:59:00 PM,21
Bull Trout,East Ladder,06/11/2017 10:51:00 AM,17
Bull Trout,East Ladder,06/11/2017 11:20:00 AM,22
Bull Trout,East Ladder,06/12/2017  2:28:00 PM,20
Bull Trout,East Ladder,06/13/2017 10:55:00 AM,22
Bull Trout,East Ladder,06/13/2017  5:57:00 PM,25
Bull Trout,East Ladder,06/15/2017  4:56:00 PM,25
Bull Trout,West Ladder,06/15/2017  7:01:00 PM,21
Bull Trout,East Ladder,06/15/2017  8:48:00 PM,21
Bull Trout,West Ladder,06/15/2017  9:06:00 PM,26
Bull Trout,West Ladder,06/17/2017  1:54:00 PM,22
Bull Trout,East Ladder,06/18/2017  7:14:00 AM,23.5
Bull Trout,West Ladder,06/18/2017  9:13:00 AM,18
Bull Trout,West Ladder,06/18/2017  3:14:00 PM,17
Bull Trout,West Ladder,06/19/2017  1:20:00 AM,23
Bull Trout,East Ladder,06/21/2017 11:40:00 AM,22
Bull Trout,West Ladder,06/21/2017  1:46:00 PM,21
Bull Trout,East Ladder,06/22/2017  8:53:00 AM,15
Bull Trout,East Ladder,06/22/2017 12:14:00 PM,17
Bull Trout,East Ladder,06/22/2017  3:55:00 PM,20
Bull Trout,East Ladder,06/23/2017  4:53:00 PM,25
Bull Trout,East Ladder,06/24/2017  8:58:00 AM,21
Bull Trout,East Ladder,06/24/2017  5:58:00 PM,20
Bull Trout,East Ladder,06/24/2017  7:08:00 PM,13.5
Bull Trout,West Ladder,06/24/2017  8:18:00 PM,17
Bull Trout,West Ladder,06/28/2017  4:46:00 PM,16
Bull Trout,East Ladder,07/02/2017  9:38:00 AM,27
Bull Trout,East Ladder,07/03/2017  9:19:00 AM,25
Bull Trout,West Ladder,07/04/2017  1:56:00 PM,26
Bull Trout,East Ladder,07/05/2017  2:36:00 PM,22
Bull Trout,West Ladder,07/30/2017  4:28:00 PM,20
Bull Trout,East Ladder,05/12/2018  2:52:00 PM,23
Bull Trout,East Ladder,05/19/2018 12:09:00 PM,23
Bull Trout,West Ladder,05/19/2018  8:23:00 PM,24
Bull Trout,West Ladder,05/20/2018  4:27:00 PM,26
Bull Trout,West Ladder,05/23/2018  2:26:00 PM,22
Bull Trout,West Ladder,05/24/2018  3:25:00 PM,20
Bull Trout,West Ladder,05/25/2018  4:49:00 PM,23
Bull Trout,West Ladder,05/27/2018  1:51:00 PM,19
Bull Trout,East Ladder,05/27/2018  5:23:00 PM,15
Bull Trout,West Ladder,05/27/2018  9:29:00 PM,25
Bull Trout,West Ladder,05/28/2018  4:51:00 AM,26
Bull Trout,East Ladder,05/29/2018  3:39:00 PM,22
Bull Trout,East Ladder,05/30/2018  4:28:00 PM,16
Bull Trout,East Ladder,05/30/2018  7:40:00 PM,22
Bull Trout,East Ladder,05/31/2018  3:50:00 PM,18
Bull Trout,East Ladder,05/31/2018  4:15:00 PM,17
Bull Trout,East Ladder,05/31/2018  7:15:00 PM,21
Bull Trout,East Ladder,05/31/2018 11:55:00 PM,22.5
Bull Trout,East Ladder,06/02/2018  1:59:00 PM,19
Bull Trout,West Ladder,06/04/2018  4:07:00 PM,20
Bull Trout,East Ladder,06/04/2018  7:08:00 PM,22
Bull Trout,East Ladder,06/05/2018  2:14:00 PM,25
Bull Trout,East Ladder,06/05/2018  6:16:00 PM,18
Bull Trout,East Ladder,06/07/2018  2:58:00 PM,20
Bull Trout,East Ladder,06/07/2018  5:22:00 PM,18
Bull Trout,East Ladder,06/09/2018  7:33:00 AM,23
Bull Trout,West Ladder,06/10/2018  8:22:00 AM,18
Bull Trout,East Ladder,06/12/2018  9:20:00 AM,18.5
Bull Trout,East Ladder,06/13/2018  7:46:00 AM,20
Bull Trout,East Ladder,06/13/2018 12:17:00 PM,23
Bull Trout,West Ladder,06/14/2018  1:23:00 PM,22
Bull Trout,East Ladder,06/15/2018  6:03:00 PM,15
Bull Trout,West Ladder,06/16/2018  4:36:00 PM,16
Bull Trout,East Ladder,06/18/2018  3:55:00 PM,13
Bull Trout,West Ladder,06/19/2018  2:30:00 PM,20
Bull Trout,West Ladder,06/20/2018 11:03:00 AM,23
Bull Trout,East Ladder,06/20/2018  1:46:00 PM,15
Bull Trout,West Ladder,06/20/2018 10:11:00 PM,20
Bull Trout,East Ladder,06/21/2018  7:09:00 AM,22
Bull Trout,West Ladder,06/21/2018  4:34:00 PM,15
Bull Trout,East Ladder,06/23/2018  9:59:00 AM,22
Bull Trout,East Ladder,06/23/2018  5:09:00 PM,20
Bull Trout,East Ladder,06/24/2018  7:21:00 AM,23
Bull Trout,West Ladder,06/24/2018  8:16:00 AM,20
Bull Trout,East Ladder,06/25/2018  5:28:00 AM,19
Bull Trout,East Ladder,06/27/2018  4:10:00 PM,15
Bull Trout,East Ladder,07/03/2018  2:12:00 AM,20
Bull Trout,East Ladder,07/09/2018  2:41:00 PM,14
Bull Trout,West Ladder,11/20/2018  8:09:00 PM,13
Bull Trout,East Ladder,11/24/2018  1:11:00 PM,13
Bull Trout,West Ladder,05/17/2019  4:46:00 PM,23
Bull Trout,East Ladder,05/20/2019 10:36:00 PM,22
Bull Trout,East Ladder,05/26/2019  2:34:00 PM,22
Bull Trout,West Ladder,05/27/2019  1:19:00 PM,17
Bull Trout,West Ladder,05/29/2019  2:14:00 PM,23
Bull Trout,East Ladder,05/29/2019  2:42:00 PM,31
Bull Trout,East Ladder,06/02/2019  1:58:00 PM,18.5
Bull Trout,East Ladder,06/03/2019  6:19:00 PM,16
Bull Trout,East Ladder,06/05/2019 12:46:00 PM,16
Bull Trout,East Ladder,06/05/2019  5:08:00 PM,23
Bull Trout,East Ladder,06/06/2019 11:09:00 AM,17
Bull Trout,East Ladder,06/08/2019  4:41:00 PM,21
Bull Trout,East Ladder,06/12/2019 12:25:00 PM,18
Bull Trout,West Ladder,06/12/2019 12:40:00 PM,22
Bull Trout,East Ladder,06/12/2019  1:24:00 PM,20
Bull Trout,East Ladder,06/12/2019  7:33:00 PM,14
Bull Trout,East Ladder,06/13/2019  1:40:00 PM,18
Bull Trout,East Ladder,06/14/2019 10:34:00 AM,17
Bull Trout,West Ladder,06/14/2019  5:47:00 PM,20
Bull Trout,West Ladder,06/14/2019  7:07:00 PM,15
Bull Trout,West Ladder,06/16/2019  3:07:00 PM,20
Bull Trout,East Ladder,06/17/2019 10:52:00 AM,18
Bull Trout,West Ladder,07/01/2019  2:17:00 PM,22
Bull Trout,West Ladder,07/08/2019  6:13:00 PM,21
Bull Trout,East Ladder,07/09/2019 10:17:00 PM,21
Bull Trout,East Ladder,07/10/2019 11:43:00 AM,15
Bull Trout,East Ladder,07/12/2019  5:05:00 PM,16
Bull Trout,West Ladder,12/25/2019  5:12:00 PM,18
Bull Trout,East Ladder,05/13/2020 11:01:00 AM,24
Bull Trout,West Ladder,05/15/2020 12:03:00 PM,24
Bull Trout,West Ladder,05/17/2020 11:26:00 AM,20
Bull Trout,East Ladder,05/18/2020  4:05:00 PM,21
Bull Trout,West Ladder,05/19/2020  1:04:00 PM,23
Bull Trout,West Ladder,05/23/2020 12:40:00 PM,21
Bull Trout,East Ladder,05/26/2020  2:43:00 AM,18
Bull Trout,East Ladder,05/28/2020  1:01:00 PM,20
Bull Trout,West Ladder,05/28/2020  2:43:00 PM,28
Bull Trout,East Ladder,05/30/2020  8:58:00 AM,20
Bull Trout,East Ladder,05/30/2020  2:17:00 PM,18
Bull Trout,East Ladder,06/01/2020 10:35:00 AM,19
Bull Trout,West Ladder,06/01/2020 11:20:00 AM,28
Bull Trout,East Ladder,06/01/2020  1:08:00 PM,20
Bull Trout,East Ladder,06/02/2020  7:59:00 AM,26
Bull Trout,East Ladder,06/03/2020  9:35:00 PM,21.5
Bull Trout,East Ladder,06/03/2020 10:38:00 PM,25
Bull Trout,East Ladder,06/03/2020 10:55:00 PM,17
Bull Trout,East Ladder,06/07/2020  2:30:00 PM,19
Bull Trout,East Ladder,06/08/2020  4:21:00 PM,17
Bull Trout,East Ladder,06/10/2020  1:23:00 PM,22
Bull Trout,East Ladder,06/13/2020  9:57:00 PM,21
Bull Trout,East Ladder,06/16/2020 12:11:00 PM,20
Bull Trout,West Ladder,06/16/2020  9:28:00 PM,20
Bull Trout,East Ladder,06/19/2020  3:13:00 PM,17
Bull Trout,East Ladder,06/19/2020  4:46:00 PM,15
Bull Trout,East Ladder,06/19/2020 11:10:00 PM,18
Bull Trout,West Ladder,06/20/2020  3:10:00 PM,19
Bull Trout,East Ladder,06/20/2020  8:54:00 PM,17
Bull Trout,East Ladder,06/21/2020  3:49:00 PM,23
Bull Trout,East Ladder,06/21/2020  5:01:00 PM,21
Bull Trout,East Ladder,06/27/2020  7:29:00 AM,19
Bull Trout,East Ladder,06/28/2020  9:28:00 AM,26
Bull Trout,East Ladder,06/28/2020 11:19:00 AM,16
Bull Trout,East Ladder,07/02/2020  4:11:00 PM,16
Bull Trout,East Ladder,07/09/2020 12:10:00 PM,14
Bull Trout,East Ladder,07/27/2020  9:47:00 AM,13
Bull Trout,East Ladder,05/25/2021  4:49:00 PM,25
Bull Trout,East Ladder,05/25/2021  5:43:00 PM,25
Bull Trout,East Ladder,05/25/2021  6:23:00 PM,21
Bull Trout,East Ladder,05/27/2021 11:51:00 AM,20
Bull Trout,East Ladder,05/27/2021  5:59:00 PM,29
Bull Trout,East Ladder,05/30/2021 12:43:00 PM,18
Bull Trout,West Ladder,06/01/2021 11:26:00 AM,19
Bull Trout,West Ladder,06/04/2021  2:34:00 PM,22
Bull Trout,East Ladder,06/04/2021  7:04:00 PM,19
Bull Trout,East Ladder,06/05/2021  2:08:00 PM,17
Bull Trout,East Ladder,06/06/2021  3:25:00 PM,21
Bull Trout,East Ladder,06/07/2021 11:38:00 AM,20
Bull Trout,East Ladder,06/08/2021  7:26:00 PM,19
Bull Trout,East Ladder,06/09/2021  6:22:00 AM,21
Bull Trout,East Ladder,06/10/2021 10:26:00 AM,16
Bull Trout,East Ladder,06/11/2021  7:28:00 PM,24
Bull Trout,East Ladder,06/13/2021  2:21:00 PM,20
Bull Trout,East Ladder,06/15/2021 11:29:00 AM,18
Bull Trout,East Ladder,06/15/2021 12:19:00 PM,17
Bull Trout,West Ladder,06/16/2021  9:00:00 AM,21
Bull Trout,East Ladder,06/19/2021  1:57:00 PM,17
Bull Trout,East Ladder,06/19/2021  1:59:00 PM,17
Bull Trout,East Ladder,06/19/2021  6:40:00 PM,18
Bull Trout,East Ladder,06/22/2021  9:00:00 PM,10
Bull Trout,East Ladder,06/23/2021  6:41:00 AM,18
Bull Trout,West Ladder,07/01/2021  8:55:00 AM,17
Bull Trout,East Ladder,07/01/2021  6:07:00 PM,15
Bull Trout,East Ladder,07/05/2021  9:15:00 AM,16
Bull Trout,West Ladder,11/12/2021  4:23:00 PM,20
Bull Trout,East Ladder,11/27/2021 12:14:00 PM,18
Bull Trout,East Ladder,12/11/2021  6:43:00 PM,18
Bull Trout,East Ladder,05/21/2022  4:42:00 PM,26
Bull Trout,West Ladder,05/26/2022  8:29:00 AM,23
Bull Trout,East Ladder,05/26/2022 11:43:00 AM,18.5
Bull Trout,East Ladder,05/26/2022  1:20:00 PM,25
Bull Trout,East Ladder,05/27/2022  9:23:00 AM,21
Bull Trout,East Ladder,05/27/2022 11:49:00 AM,24
Bull Trout,East Ladder,05/27/2022  5:47:00 PM,21
Bull Trout,East Ladder,05/28/2022  2:31:00 PM,20
Bull Trout,East Ladder,05/28/2022  4:33:00 PM,21
Bull Trout,East Ladder,05/31/2022  6:49:00 AM,18
Bull Trout,East Ladder,06/01/2022  7:17:00 PM,18
Bull Trout,East Ladder,06/03/2022 12:31:00 PM,19
Bull Trout,East Ladder,06/04/2022  1:29:00 PM,24.5
Bull Trout,East Ladder,06/04/2022  2:51:00 PM,22
Bull Trout,East Ladder,06/04/2022  4:51:00 PM,19
Bull Trout,East Ladder,06/05/2022 11:27:00 PM,21
Bull Trout,East Ladder,06/06/2022  4:59:00 PM,21
Bull Trout,West Ladder,06/06/2022  9:53:00 PM,26
Bull Trout,East Ladder,06/08/2022  3:48:00 PM,15
Bull Trout,East Ladder,06/08/2022  5:09:00 PM,20
Bull Trout,East Ladder,06/10/2022  5:00:00 PM,18
Bull Trout,West Ladder,06/11/2022  7:38:00 PM,18
Bull Trout,East Ladder,06/12/2022  3:13:00 PM,19
Bull Trout,East Ladder,06/15/2022  1:13:00 PM,23
Bull Trout,East Ladder,06/15/2022  7:38:00 PM,17
Bull Trout,East Ladder,06/16/2022  3:40:00 PM,19
Bull Trout,East Ladder,06/16/2022  9:46:00 PM,16
Bull Trout,East Ladder,06/17/2022 12:21:00 PM,20
Bull Trout,East Ladder,06/18/2022  3:51:00 PM,26
Bull Trout,East Ladder,06/18/2022  4:30:00 PM,26
Bull Trout,East Ladder,06/18/2022 11:20:00 PM,24
Bull Trout,West Ladder,06/20/2022  4:35:00 PM,16
Bull Trout,East Ladder,06/20/2022  5:33:00 PM,16
Bull Trout,East Ladder,06/21/2022 12:36:00 PM,19
Bull Trout,East Ladder,06/21/2022  5:16:00 PM,26
Bull Trout,East Ladder,06/23/2022 10:37:00 AM,15
Bull Trout,East Ladder,06/26/2022 10:25:00 AM,21
Bull Trout,East Ladder,06/27/2022  4:31:00 PM,28
Bull Trout,East Ladder,06/28/2022  3:39:00 PM,21
Bull Trout,East Ladder,07/02/2022  9:35:00 AM,18
Bull Trout,East Ladder,07/06/2022  9:45:00 AM,18
Bull Trout,East Ladder,07/08/2022 12:29:00 PM,16
Bull Trout,East Ladder,07/13/2022  9:00:00 AM,16
Bull Trout,East Ladder,07/24/2022 11:37:00 AM,11
Bull Trout,East Ladder,10/28/2022  4:43:00 PM,11.5
Bull Trout,East Ladder,12/06/2022  5:40:00 PM,21
Bull Trout,East Ladder,05/14/2023 12:01:00 PM,21
Bull Trout,East Ladder,05/24/2023  2:28:00 PM,17
Bull Trout,East Ladder,05/26/2023  4:55:00 PM,14
Bull Trout,East Ladder,06/02/2023  9:54:00 AM,22
Bull Trout,East Ladder,06/03/2023  2:59:00 PM,18
Bull Trout,West Ladder,06/04/2023 11:02:00 PM,26
Bull Trout,East Ladder,06/05/2023  3:53:00 PM,21
Bull Trout,East Ladder,06/05/2023  7:05:00 PM,14
Bull Trout,East Ladder,06/05/2023 10:21:00 PM,18
Bull Trout,East Ladder,06/06/2023  3:34:00 PM,21
Bull Trout,East Ladder,06/06/2023  7:04:00 PM,13
Bull Trout,West Ladder,06/07/2023 12:53:00 PM,17
Bull Trout,East Ladder,06/08/2023  4:28:00 PM,15
Bull Trout,West Ladder,06/08/2023  4:47:00 PM,18
Bull Trout,East Ladder,06/12/2023  2:04:00 PM,20
Bull Trout,East Ladder,06/14/2023  6:06:00 AM,16
Bull Trout,East Ladder,06/15/2023  5:18:00 PM,17
Bull Trout,East Ladder,06/18/2023  6:50:00 PM,16
Bull Trout,West Ladder,06/21/2023 11:54:00 AM,22
Bull Trout,East Ladder,06/24/2023 12:23:00 PM,18
Bull Trout,East Ladder,06/27/2023  8:53:00 AM,15
Bull Trout,East Ladder,07/31/2023 12:40:00 PM,14
Bull Trout,East Ladder,05/27/2024  3:30:00 PM,21
Bull Trout,West Ladder,05/29/2024  8:39:00 PM,19
Bull Trout,East Ladder,05/30/2024  4:35:00 PM,26
Bull Trout,East Ladder,06/02/2024 12:50:00 AM,21
Bull Trout,West Ladder,06/06/2024  4:24:00 PM,15
Bull Trout,East Ladder,06/06/2024  5:27:00 PM,19
Bull Trout,West Ladder,06/08/2024  5:00:00 PM,21
Bull Trout,East Ladder,06/10/2024 11:35:00 AM,23
Bull Trout,West Ladder,06/12/2024  2:14:00 PM,18
Bull Trout,West Ladder,06/13/2024 12:04:00 PM,16
Bull Trout,East Ladder,06/13/2024  6:44:00 PM,15
Bull Trout,East Ladder,06/14/2024  5:53:00 PM,18
Bull Trout,West Ladder,06/15/2024  9:02:00 AM,17
Bull Trout,East Ladder,06/16/2024  3:43:00 PM,18
Bull Trout,East Ladder,06/19/2024  4:09:00 PM,20
Bull Trout,East Ladder,06/21/2024  8:07:00 PM,18
Bull Trout,West Ladder,06/24/2024  4:36:00 PM,16
Bull Trout,West Ladder,06/26/2024  3:22:00 PM,20
Bull Trout,West Ladder,06/29/2024 12:03:00 PM,10
Bull Trout,West Ladder,06/29/2024  6:00:00 PM,19
Bull Trout,West Ladder,07/06/2024  5:35:00 PM,18
Bull Trout,West Ladder,05/15/2025 11:11:00 AM,17
Bull Trout,East Ladder,05/26/2025  5:06:00 PM,15
Bull Trout,East Ladder,05/26/2025  9:24:00 PM,16
Bull Trout,East Ladder,06/06/2025  5:21:00 PM,29
Bull Trout,West Ladder,06/11/2025  2:11:00 PM,18
Bull Trout,West Ladder,06/12/2025  6:00:00 AM,20.5
Bull Trout,East Ladder,06/14/2025  3:15:00 PM,16.5
Bull Trout,East Ladder,06/29/2025  2:01:00 PM,15
Bull Trout,East Ladder,07/03/2025 11:52:00 AM,16
Bull Trout,West Ladder,07/06/2025  1:48:00 AM,13
Bull Trout,West Ladder,07/06/2025  9:18:00 AM,14.5
Bull Trout,East Ladder,08/14/2025 12:30:00 AM,19
